Workbook
Name Slicer_Region: #N/A

Sheet Start Here
A1: Excel 0 se Advanced - 5 Din Practice Plan
A3: Kaise use karein ye file:
A4: 1. Har din ka apna sheet hai (Day1, Day2, Day3, Day4, Day5).
A5: 2. Har sheet mein PEELE (yellow) box mein tasks likhe hain - wahi tumhe khud solve karna hai.
A6: 3. Answer sheet alag hai (jaise Day1_Answers) - PEHLE khud try karo, phir answer sheet se check karo.
A7: 4. Ek din mein 6-8 ghante lag sakte hain agar tum genuinely practice karo - jaldi mat karo, samajh ke karo.
A8: 5. Har formula khud type karo - copy-paste mat karo, muscle memory banegi tabhi interview mein bol paoge.
A10: Roadmap:
A11: Day 1 -> Basics: SUM, AVERAGE, COUNT, Formatting, Sorting, Filtering
A12: Day 2 -> Logical + Lookup: IF, COUNTIF, SUMIF, VLOOKUP, INDEX-MATCH
A13: Day 3 -> Text + Date functions, Data Validation, Conditional Formatting
A14: Day 4 -> Pivot Tables (ye sabse zyada interview mein pucha jata hai)
... A18: Sheet 'Employee_Master' aur 'Sales_Data' - ye tumhara practice data hai, sab exercises isi pe based hain.

Sheet Cheat Sheet
A1: Formula Cheat Sheet - Quick Reference
A3: Formula / Shortcut | B3: Iska matlab / kaam
A4: =SUM(range) | B4: Sabka total nikalta hai
A5: =AVERAGE(range) | B5: Average nikalta hai
A6: =COUNT(range) | B6: Kitne numbers hain, count karta hai
A7: =COUNTA(range) | B7: Kitne non-empty cells hain, count karta hai
A8: =MAX(range) / =MIN(range) | B8: Sabse bada / sabse chota value
A9: =IF(condition, true_val, false_val) | B9: Condition check karke value deta hai
A10: =COUNTIF(range, criteria) | B10: Ek condition ke hisab se count karta hai
A11: =SUMIF(range, criteria, sum_range) | B11: Ek condition ke hisab se sum karta hai
A12: =COUNTIFS(range1,crit1,range2,crit2...) | B12: Multiple conditions se count karta hai
A13: =SUMIFS(sum_range,range1,crit1,...) | B13: Multiple conditions se sum karta hai
A14: =VLOOKUP(value,table,col_index,FALSE) | B14: Table mein value dhundh ke uske saath ka data laata hai
... A26: F4 | B26: Cell reference ko absolute ($A$1) banane ka shortcut

Sheet Employee_Master
A1: Employee Master Data (ye tera lookup table hai)
A3: EmpID | B3: Name | C3: Region | D3: Department | E3: JoinYear
A4: 1001 | B4: Rohit Verma | C4: North | D4: Support | E4: 2021
A5: 1002 | B5: Priya Singh | C5: South | D5: Sales | E5: 2019
A6: 1003 | B6: Aman Joshi | C6: North | D6: Support | E6: 2022
A7: 1004 | B7: Sneha Sharma | C7: North | D7: Sales | E7: 2020
A8: 1005 | B8: Vikas Singh | C8: North | D8: Support | E8: 2020
A9: 1006 | B9: Neha Joshi | C9: West | D9: Sales | E9: 2022
A10: 1007 | B10: Karan Reddy | C10: East | D10: Sales | E10: 2020
A11: 1008 | B11: Pooja Patel | C11: East | D11: Marketing | E11: 2020
A12: 1009 | B12: Suresh Singh | C12: East | D12: Sales | E12: 2019
A13: 1010 | B13: Anjali Patel | C13: North | D13: Marketing | E13: 2021
A14: 1011 | B14: Rahul Reddy | C14: East | D14: Sales | E14: 2022
A15: 1012 | B15: Kavita Joshi | C15: North | D15: Marketing | E15: 2019
... A23: 1020 | B23: Shalini Gupta | C23: West | D23: Marketing | E23: 2021

Sheet Pivot1_Region
A3: Row Labels | B3: Sum of SalesAmount
A4: East | B4: 4588900
A5: North | B5: 6519000
A6: South | B6: 4212600
A7: West | B7: 2760100
A8: Grand Total | B8: 18080600

Sheet Pivot2_Product
A3: Row Labels | B3: Sum of Units
A4: Monitor | B4: 286
A5: Headphones | B5: 160
A6: Laptop | B6: 155
A7: Mouse | B7: 155
A8: Keyboard | B8: 152
A9: Tablet | B9: 140
A10: Printer | B10: 137
A11: Mobile | B11: 134
A12: Grand Total | B12: 1319

Sheet Pivot3_RegionCategory
A3: Sum of SalesAmount | B3: Column Labels
A4: Row Labels | B4: Accessories | C4: Electronics | D4: Grand Total
A5: East | B5: 152900 | C5: 4436000 | D5: 4588900
A6: North | B6: 184000 | C6: 6335000 | D6: 6519000
A7: South | B7: 233600 | C7: 3979000 | D7: 4212600
A8: West | B8: 28600 | C8: 2731500 | D8: 2760100
A9: Grand Total | B9: 599100 | C9: 17481500 | D9: 18080600

Sheet Pivot4_MonthlyTrend
A3: Row Labels | B3: Sum of SalesAmount
A4: Jan | B4: 2999400
A5: Feb | B5: 3794100
A6: Mar | B6: 2317000
A7: Apr | B7: 4163100
A8: May | B8: 2148000
A9: Jun | B9: 2659000
A10: Grand Total | B10: 18080600

Sheet Pivot5_EmployeePerformance
A3: Row Labels | B3: Count of OrderID | C3: Sum of SalesAmount
A4: Vivek Verma | B4: 10 | C4: 1606600
A5: Rohit Verma | B5: 11 | C5: 1495000
A6: Neha Joshi | B6: 8 | C6: 1468500
A7: Suresh Singh | B7: 8 | C7: 1332500
A8: Shalini Gupta | B8: 8 | C8: 1291600
A9: Aman Joshi | B9: 11 | C9: 1031000
A10: Vikas Singh | B10: 6 | C10: 1017000
A11: Pooja Patel | B11: 11 | C11: 998900
A12: Manish Joshi | B12: 11 | C12: 998500
A13: Anjali Patel | B13: 11 | C13: 920000
A14: Ajay Sharma | B14: 6 | C14: 757500
A15: Karan Reddy | B15: 10 | C15: 750300
... A24: Grand Total | B24: 180 | C24: 18080600

Sheet Sales_Data
A1: Sales Data (ye tera main practice dataset hai - 180 rows) | L1: 0.1 | P1: =COUNTA(D4:D183) -> 180 | Q1: =COUNTBLANK(D4:D183) -> 0 | R1: =ROUND(12345.6789, 1) -> 12345.7 | S1: =SUBTOTAL(9, J4:J183) -> 18080600
A3: OrderID | B3: Date | C3: EmpID | D3: EmpName | E3: Region | F3: Product | G3: Category | H3: Units | I3: UnitPrice | J3: SalesAmount | K3: First Name | M3: Discount | N3: Status | O3: Total Sales | P3: Avg Sales | Q3: Total Order | R3: Max Value | S3: Min Value | T3: Sum Of Units
A4: ORD1098 | B4: 45316 | C4: 1005 | D4: Vikas Singh | E4: North | F4: Laptop | G4: Electronics | H4: 15 | I4: 55000 | J4: 825000 | K4: Vikas | M4: =J4*$L$1 -> 82500 | O4: =SUM(Table1[SalesAmount]) -> 18080600 | P4: =AVERAGE(Table1[SalesAmount]) -> 100447.78 | Q4: =COUNTA(Table1[SalesAmount]) -> 180 | R4: =MAX(Table1[SalesAmount]) -> 825000 | S4: =MIN(Table1[SalesAmount]) -> 800
A5: ORD1118 | B5: 45401 | C5: 1020 | D5: Shalini Gupta | E5: West | F5: Laptop | G5: Electronics | H5: 15 | I5: 55000 | J5: 825000 | K5: Shalini | M5: =J5*$L$1 -> 82500
A6: ORD1112 | B6: 45425 | C6: 1019 | D6: Vivek Verma | E6: South | F6: Laptop | G6: Electronics | H6: 14 | I6: 55000 | J6: 770000 | K6: Vivek | M6: =J6*$L$1 -> 77000
A7: ORD1082 | B7: 45383 | C7: 1009 | D7: Suresh Singh | E7: East | F7: Laptop | G7: Electronics | H7: 12 | I7: 55000 | J7: 660000 | K7: Suresh | M7: =J7*$L$1 -> 66000
A8: ORD1017 | B8: 45367 | C8: 1006 | D8: Neha Joshi | E8: West | F8: Laptop | G8: Electronics | H8: 10 | I8: 55000 | J8: 550000 | K8: Neha | M8: =J8*$L$1 -> 55000
A9: ORD1044 | B9: 45461 | C9: 1007 | D9: Karan Reddy | E9: East | F9: Laptop | G9: Electronics | H9: 10 | I9: 55000 | J9: 550000 | K9: Karan | M9: =J9*$L$1 -> 55000
A10: ORD1049 | B10: 45305 | C10: 1019 | D10: Vivek Verma | E10: South | F10: Laptop | G10: Electronics | H10: 10 | I10: 55000 | J10: 550000 | K10: Vivek | M10: =J10*$L$1 -> 55000
A11: ORD1167 | B11: 45447 | C11: 1010 | D11: Anjali Patel | E11: North | F11: Laptop | G11: Electronics | H11: 10 | I11: 55000 | J11: 550000 | K11: Anjali | M11: =J11*$L$1 -> 55000
A12: ORD1100 | B12: 45350 | C12: 1015 | D12: Ajay Sharma | E12: South | F12: Laptop | G12: Electronics | H12: 9 | I12: 55000 | J12: 495000 | K12: Ajay | M12: =J12*$L$1 -> 49500
A13: ORD1145 | B13: 45325 | C13: 1009 | D13: Suresh Singh | E13: East | F13: Laptop | G13: Electronics | H13: 9 | I13: 55000 | J13: 495000 | K13: Suresh | M13: =J13*$L$1 -> 49500
A14: ORD1170 | B14: 45405 | C14: 1006 | D14: Neha Joshi | E14: West | F14: Laptop | G14: Electronics | H14: 7 | I14: 55000 | J14: 385000 | K14: Neha | M14: =J14*$L$1 -> 38500
A15: ORD1113 | B15: 45376 | C15: 1016 | D15: Ritu Singh | E15: North | F15: Laptop | G15: Electronics | H15: 6 | I15: 55000 | J15: 330000 | K15: Ritu | M15: =J15*$L$1 -> 33000
A16: ORD1117 | B16: 45387 | C16: 1013 | D16: Manish Joshi | E16: East | F16: Tablet | G16: Electronics | H16: 14 | I16: 22000 | J16: 308000 | K16: Manish | M16: =J16*$L$1 -> 30800
... A183: ORD1078 | B183: 45300 | C183: 1013 | D183: Manish Joshi | E183: East | F183: Keyboard | G183: Accessories | H183: 1 | I183: 800 | J183: 800 | K183: Manish | M183: =J183*$L$1 -> 80

Sheet Day1_Basics
A1: DAY 1: Basics - SUM, AVERAGE, COUNT, Formatting, Sort/Filter
A3: TASKS (khud solve karo neeche di gayi cells mein - Sales_Data sheet ka data use karo):
A4: 1. B4 mein: Total Sales Amount nikalo (SUM formula, Sales_Data sheet ke SalesAmount column ka)
A5: 2. B5 mein: Average Sales Amount nikalo (AVERAGE formula)
A6: 3. B6 mein: Total kitne orders hain, ye COUNT ya COUNTA se nikalo
A7: 4. B7 mein: Sabse zyada SalesAmount kaunsa hai (MAX formula)
A8: 5. B8 mein: Sabse kam SalesAmount kaunsa hai (MIN formula)
A9: 6. B9 mein: Total Units becha gaya (SUM of Units column)
A11: PRACTICE (Sales_Data sheet mein jaake khud karo, yahan mat likho):
A12: 7. Sales_Data sheet ko SalesAmount ke hisab se Highest to Lowest sort karo
A13: 8. Sales_Data sheet mein sirf 'Laptop' product ka data Filter karo
A14: 9. Sales_Data ke SalesAmount column ko currency format do (Rs symbol ke saath)
A15: 10. Sales_Data ke header row ko bold + color fill do (agar already nahi hai)
A20: Total Sales Amount: | B20: =SUM(Table1[SalesAmount]) -> 18080600
A21: Average Sales Amount: | B21: =AVERAGE(Table1[SalesAmount]) -> 100447.78
A22: Total Orders: | B22: =COUNTA(Table1[SalesAmount]) -> 180
A23: Max Sale Value: | B23: =MAX(Table1[SalesAmount]) -> 825000
A24: Min Sale Value: | B24: =MIN(Table1[SalesAmount]) -> 800
A25: Total Units Sold: | B25: =SUM(Table1[Units]) -> 1319

Sheet Day1_Answers
A1: DAY 1: ANSWER KEY (pehle khud try karna, fir yaha check karna)
A3: Total Sales Amount: | B3: =SUM(Sales_Data!J4:J183) -> 18080600
A4: Average Sales Amount: | B4: =AVERAGE(Sales_Data!J4:J183) -> 100447.78
A5: Total Orders: | B5: =COUNTA(Sales_Data!A4:A183) -> 180
A6: Max Sale Value: | B6: =MAX(Sales_Data!J4:J183) -> 825000
A7: Min Sale Value: | B7: =MIN(Sales_Data!J4:J183) -> 800
A8: Total Units Sold: | B8: =SUM(Sales_Data!H4:H183) -> 1319

Sheet Day2_Logical_Lookup
A1: DAY 2: IF, COUNTIF, SUMIF, VLOOKUP, INDEX-MATCH
A3: TASKS (formulas neeche di gayi cells mein likho):
A4: 1. B4: IF formula - agar Total Sales Amount (Day1_Answers B3) 5000000 se zyada hai to 'Good' warna 'Needs Improvement' likhe
A5: 2. B5: COUNTIF - Sales_Data mein 'Laptop' kitni baar becha gaya (Product column count karo)
A6: 3. B6: SUMIF - sirf 'North' region ka total SalesAmount nikalo
A7: 4. B7: COUNTIFS - 'Electronics' category AND 'North' region wale kitne orders hain
A8: 5. B8: SUMIFS - 'Mobile' product AND 'South' region ka total sales
A10: VLOOKUP / INDEX-MATCH practice - EmpID 1005 ke baare mein pata karo:
A11: 6. B11: VLOOKUP se EmpID 1005 ka Name nikalo (Employee_Master se)
A12: 7. B12: VLOOKUP se EmpID 1005 ka Department nikalo
A13: 8. B13: INDEX-MATCH use karke EmpID 1005 ka Region nikalo (VLOOKUP mat use karna, INDEX-MATCH karna hai)
A15: NOTE: Agar formula galat value de (error) toh IFERROR use karke uski jagah 'Not Found' dikhana practice karo
A22: Sales Status (IF): | B22: =IF(Day1_Answers!B3>5000000,"Good","NeedsImprovement") -> Good
A23: Laptop Count (COUNTIF): | B23: =COUNTIF(Sales_Data!F4:F183,"Laptop") -> 20
A24: North Region Sales (SUMIF): | B24: =SUMIF(Table1[Region], "North",Table1[SalesAmount]) -> 6519000
A25: Electronics+North Count (COUNTIFS): | B25: =COUNTIFS(Sales_Data!G4:G183,"Electronics",Table1[Region],"North") -> 43
A26: Mobile+South Sales (SUMIFS): | B26: =SUMIFS(Table1[SalesAmount],Table1[Product],"Mobile",Table1[Region],"South") -> 252000
A28: EmpID 1005 Name (VLOOKUP): | B28: =VLOOKUP(Employee_Master!A8,Employee_Master!A4:E23,2,FALSE) -> Vikas Singh
A29: EmpID 1005 Dept (VLOOKUP): | B29: =VLOOKUP(Employee_Master!A8,Employee_Master!A3:E23,4,FALSE) -> Support
A30: EmpID 1005 Region (INDEX-MATCH): | B30: =INDEX(Employee_Master!C4:C23,MATCH(Employee_Master!A8,Employee_Master!A4:A23,0)) -> North

Sheet Day2_Answers
A1: DAY 2: ANSWER KEY
A3: Sales Status (IF): | B3: =IF(Day1_Answers!B3>5000000,"Good","Needs Improvement") -> Good
A4: Laptop Count (COUNTIF): | B4: =COUNTIF(Sales_Data!F4:F183,"Laptop") -> 20
A5: North Region Sales (SUMIF): | B5: =SUMIF(Sales_Data!E4:E183,"North",Sales_Data!J4:J183) -> 6519000
A6: Electronics+North Count (COUNTIFS): | B6: =COUNTIFS(Sales_Data!G4:G183,"Electronics",Sales_Data!E4:E183,"North") -> 43
A7: Mobile+South Sales (SUMIFS): | B7: =SUMIFS(Sales_Data!J4:J183,Sales_Data!F4:F183,"Mobile",Sales_Data!E4:E183,"South") -> 252000
A9: EmpID 1005 Name (VLOOKUP): | B9: =VLOOKUP(1005,Employee_Master!A4:E23,2,FALSE()) -> Vikas Singh
A10: EmpID 1005 Dept (VLOOKUP): | B10: =VLOOKUP(1005,Employee_Master!A4:E23,4,FALSE()) -> Support
A11: EmpID 1005 Region (INDEX-MATCH): | B11: =INDEX(Employee_Master!C4:C23,MATCH(1005,Employee_Master!A4:A23,0)) -> North

Sheet Day3_Text_Date
A1: DAY 3: Text Functions, Date Functions, Validation, Conditional Formatting
A3: TASKS:
A4: 1. B4: Employee_Master ki pehli row (EmpID 1001) ka Name se sirf FIRST NAME nikalo (LEFT + FIND use karo)
A5: 2. B5: Us Name ka sirf LAST NAME nikalo (RIGHT + FIND use karo)
A6: 3. B6: 'Total Employees: ' aur COUNT ko CONCATENATE (ya &) se jodo ek sentence banao
A7: 4. B7: Sales_Data ke pehle order (row 4) ki Date se sirf MONTH number nikalo (MONTH function)
A8: 5. B8: Aaj ki date se pehle order ki date tak kitne din hue (DATEDIF ya simple subtraction, TODAY() use karo)
A10: DATA VALIDATION (Sales_Data sheet mein jaake karo):
A11: 6. Ek naya column 'Status' banao Sales_Data mein, usme dropdown list do: Pending, Completed, Cancelled
A13: CONDITIONAL FORMATTING (Sales_Data sheet mein karo):
A14: 7. SalesAmount column mein jo values 50000 se zyada hain unko GREEN highlight karo
A15: 8. Units column mein jo values 3 se kam hain unko RED highlight karo
A18: First Name: | B18: =LEFT(Employee_Master!B4,FIND(" ",Employee_Master!B4)-1) -> Rohit
A19: Last Name: | B19: =RIGHT(Employee_Master!B5,LEN(Employee_Master!B5)-FIND(" ",Employee_Master!B5)) -> Singh
A20: Sentence (CONCAT): | B20: ="Total Employees:"&COUNTA(Employee_Master!A4:A23) -> Total Employees:20
A21: Month Number: | B21: =MONTH(Sales_Data!B4) -> 1
A22: Days Since Order: | B22: =TODAY()-Sales_Data!B4 -> 921

Sheet Day3_Answers
A1: DAY 3: ANSWER KEY
A3: First Name: | B3: =LEFT(Employee_Master!B4,FIND(" ",Employee_Master!B4)-1) -> Rohit
A4: Last Name: | B4: =RIGHT(Employee_Master!B4,LEN(Employee_Master!B4)-FIND(" ",Employee_Master!B4)) -> Verma
A5: Sentence (CONCAT): | B5: ="Total Employees: "&COUNTA(Employee_Master!A4:A23) -> Total Employees: 20
A6: Month Number: | B6: =MONTH(Sales_Data!B4) -> 1
A7: Days Since Order: | B7: =TODAY()-Sales_Data!B4 -> 921
A10: Data Validation aur Conditional Formatting Excel software mein practically karne wale kaam hain -
A11: in par formula answer nahi hota, ye tumhe khud Sales_Data sheet mein jaake karna hai.
A12: Data Validation: Data tab -> Data Validation -> List -> type: Pending,Completed,Cancelled
A13: Conditional Formatting: Home tab -> Conditional Formatting -> Highlight Cell Rules -> Greater Than / Less Than

Sheet Day4_PivotTable
A1: DAY 4: Pivot Tables (INTERVIEW mein sabse zyada pucha jata hai)
A3: Pivot Table Excel mein hi step-by-step banani hai (Insert -> PivotTable). Yaha 5 practice tasks hain:
A5: TASK 1: Region-wise Total Sales
A6: - Insert PivotTable -> Data range: Sales_Data sheet ka poora table
A7: - Rows: Region | Values: Sum of SalesAmount
A9: TASK 2: Product-wise Units Sold
A10: - Rows: Product | Values: Sum of Units
A11: - Ye descending order mein sort karo (sabse zyada bikne wala product upar)
A13: TASK 3: Region x Category Cross-tab
A14: - Rows: Region | Columns: Category | Values: Sum of SalesAmount
A15: - Ye batayega konsa region konsi category mein strong hai
A17: TASK 4: Month-wise Sales Trend
... A28: karne ka tool hai bina formula likhe, drag-drop se rows/columns/values set karke insights nikal sakte hain.'

Sheet Day5_Dashboard_Project
A1: DAY 5: Mini Dashboard Project (YE TERA RESUME PROJECT BANEGA)
A3: Aaj sab kuch milake ek Sales Dashboard banana hai. Ye tera resume/interview project banega.
A5: STEP 1: Naya sheet banao naam 'Dashboard'
A6: STEP 2: 4 KPI boxes banao upar: Total Sales, Total Orders, Total Units, Average Order Value
A7: (ye Day1 mein sikhe formulas se banenge - SUM, COUNT, AVERAGE)
A8: STEP 3: 3 Pivot Tables se 3 Charts banao aur Dashboard sheet pe laao:
A9: - Bar Chart: Region-wise Sales
A10: - Pie Chart: Category-wise Sales Split
A11: - Line Chart: Month-wise Sales Trend
A12: STEP 4: Ek Slicer add karo (Insert -> Slicer) Region ke liye, jisse pura dashboard filter ho sake
A13: STEP 5: Colors aur formatting professional rakho - zyada colors mat use karo, 2-3 colors consistent rakho
A14: STEP 6: Dashboard ko ek achi heading do: 'Sales Performance Dashboard - 2024'
... A22: Ye tera pehla real Excel project hoga - isse tu 'main Excel jaanta hoon' confidently bol sakta hai.

Sheet Dashboard
B1: Sales Performance Dashboard-2026
B2: Total Sales | D2: Total Orders | F2: Total Units | H2: Average Order Value
B3: =SUM(Table1[SalesAmount]) -> 18080600 | D3: =COUNTA(Table1[OrderID]) -> 180 | F3: =SUM(Sales_Data!H4:H183) -> 1319 | H3: =AVERAGE(Sales_Data!J4:J183) -> 100447.78
B6: Row Labels | C6: Sum of SalesAmount
B7: East | C7: 4588900
B8: North | C8: 6519000
B9: South | C9: 4212600
B10: West | C10: 2760100
B11: Grand Total | C11: 18080600
B25: Electronics | C25: =SUMIF(Table1[Category],B25,Table1[SalesAmount]) -> 17481500
B26: Accessories | C26: =SUMIF(Table1[Category],B26,Table1[SalesAmount]) -> 599100
